{
  "type": "createbigcannons:built_up_heating",
  "layers": [
    {
      "blocks": [
        "createbigcannons:very_small_steel_cannon_layer"
      ]
    },
    {
      "blocks": [
        "createbigcannons:small_steel_cannon_layer"
      ]
    },
    {
      "blocks": [
        "createbigcannons:medium_steel_cannon_layer"
      ]
    },
    {
      "blocks": [
        "createbigcannons:large_steel_cannon_layer"
      ]
    },
    {
      "blocks": [
        "createbigcannons:very_large_steel_cannon_layer"
      ]
    }
  ],
  "result": "createbigcannons:thick_steel_cannon_chamber"
}