{
  "parent": "minecraft:recipes/root",
  "rewards": {
    "recipes": [
      "createbigcannons:cannon_builder"
    ]
  },
  "criteria": {
    "has_piston_extension_pole": {
      "trigger": "minecraft:inventory_changed",
      "conditions": {
        "items": [
          {
            "items": [
              "create:piston_extension_pole"
            ]
          }
        ]
      }
    },
    "has_the_recipe": {
      "trigger": "minecraft:recipe_unlocked",
      "conditions": {
        "recipe": "createbigcannons:cannon_builder"
      }
    }
  },
  "requirements": [
    [
      "has_piston_extension_pole",
      "has_the_recipe"
    ]
  ]
}