{
  "parent": "minecraft:recipes/root",
  "rewards": {
    "recipes": [
      "createbigcannons:solid_shot_cast_iron"
    ]
  },
  "criteria": {
    "has_iron_ingot": {
      "trigger": "minecraft:inventory_changed",
      "conditions": {
        "items": [
          {
            "tag": "forge:ingots/iron"
          }
        ]
      }
    },
    "has_cast_iron_ingot": {
      "trigger": "minecraft:inventory_changed",
      "conditions": {
        "items": [
          {
            "tag": "forge:ingots/cast_iron"
          }
        ]
      }
    },
    "has_the_recipe": {
      "trigger": "minecraft:recipe_unlocked",
      "conditions": {
        "recipe": "createbigcannons:solid_shot_cast_iron"
      }
    }
  },
  "requirements": [
    [
      "has_iron_ingot",
      "has_cast_iron_ingot",
      "has_the_recipe"
    ]
  ]
}