{
  "parent": "minecraft:recipes/root",
  "rewards": {
    "recipes": [
      "createbigcannons:worm"
    ]
  },
  "criteria": {
    "has_worm_head": {
      "trigger": "minecraft:inventory_changed",
      "conditions": {
        "items": [
          {
            "items": [
              "createbigcannons:worm_head"
            ]
          }
        ]
      }
    },
    "has_the_recipe": {
      "trigger": "minecraft:recipe_unlocked",
      "conditions": {
        "recipe": "createbigcannons:worm"
      }
    }
  },
  "requirements": [
    [
      "has_worm_head",
      "has_the_recipe"
    ]
  ]
}