{
  "variants": {
    "axis_along_first=false,facing=down,state=retracted": {
      "model": "createbigcannons:block/cannon_drill/retracted",
      "x": 180
    },
    "axis_along_first=true,facing=down,state=retracted": {
      "model": "createbigcannons:block/cannon_drill/retracted_rotated",
      "x": 180
    },
    "axis_along_first=false,facing=up,state=retracted": {
      "model": "createbigcannons:block/cannon_drill/retracted"
    },
    "axis_along_first=true,facing=up,state=retracted": {
      "model": "createbigcannons:block/cannon_drill/retracted_rotated"
    },
    "axis_along_first=false,facing=north,state=retracted": {
      "model": "createbigcannons:block/cannon_drill/retracted",
      "x": 90
    },
    "axis_along_first=true,facing=north,state=retracted": {
      "model": "createbigcannons:block/cannon_drill/retracted_rotated",
      "x": 90
    },
    "axis_along_first=false,facing=south,state=retracted": {
      "model": "createbigcannons:block/cannon_drill/retracted",
      "x": 90,
      "y": 180
    },
    "axis_along_first=true,facing=south,state=retracted": {
      "model": "createbigcannons:block/cannon_drill/retracted_rotated",
      "x": 90,
      "y": 180
    },
    "axis_along_first=false,facing=west,state=retracted": {
      "model": "createbigcannons:block/cannon_drill/retracted_rotated",
      "x": 90,
      "y": 270
    },
    "axis_along_first=true,facing=west,state=retracted": {
      "model": "createbigcannons:block/cannon_drill/retracted",
      "x": 90,
      "y": 270
    },
    "axis_along_first=false,facing=east,state=retracted": {
      "model": "createbigcannons:block/cannon_drill/retracted_rotated",
      "x": 90,
      "y": 90
    },
    "axis_along_first=true,facing=east,state=retracted": {
      "model": "createbigcannons:block/cannon_drill/retracted",
      "x": 90,
      "y": 90
    },
    "axis_along_first=false,facing=down,state=moving": {
      "model": "createbigcannons:block/cannon_drill/moving",
      "x": 180
    },
    "axis_along_first=true,facing=down,state=moving": {
      "model": "createbigcannons:block/cannon_drill/moving_rotated",
      "x": 180
    },
    "axis_along_first=false,facing=up,state=moving": {
      "model": "createbigcannons:block/cannon_drill/moving"
    },
    "axis_along_first=true,facing=up,state=moving": {
      "model": "createbigcannons:block/cannon_drill/moving_rotated"
    },
    "axis_along_first=false,facing=north,state=moving": {
      "model": "createbigcannons:block/cannon_drill/moving",
      "x": 90
    },
    "axis_along_first=true,facing=north,state=moving": {
      "model": "createbigcannons:block/cannon_drill/moving_rotated",
      "x": 90
    },
    "axis_along_first=false,facing=south,state=moving": {
      "model": "createbigcannons:block/cannon_drill/moving",
      "x": 90,
      "y": 180
    },
    "axis_along_first=true,facing=south,state=moving": {
      "model": "createbigcannons:block/cannon_drill/moving_rotated",
      "x": 90,
      "y": 180
    },
    "axis_along_first=false,facing=west,state=moving": {
      "model": "createbigcannons:block/cannon_drill/moving_rotated",
      "x": 90,
      "y": 270
    },
    "axis_along_first=true,facing=west,state=moving": {
      "model": "createbigcannons:block/cannon_drill/moving",
      "x": 90,
      "y": 270
    },
    "axis_along_first=false,facing=east,state=moving": {
      "model": "createbigcannons:block/cannon_drill/moving_rotated",
      "x": 90,
      "y": 90
    },
    "axis_along_first=true,facing=east,state=moving": {
      "model": "createbigcannons:block/cannon_drill/moving",
      "x": 90,
      "y": 90
    },
    "axis_along_first=false,facing=down,state=extended": {
      "model": "createbigcannons:block/cannon_drill/extended",
      "x": 180
    },
    "axis_along_first=true,facing=down,state=extended": {
      "model": "createbigcannons:block/cannon_drill/extended_rotated",
      "x": 180
    },
    "axis_along_first=false,facing=up,state=extended": {
      "model": "createbigcannons:block/cannon_drill/extended"
    },
    "axis_along_first=true,facing=up,state=extended": {
      "model": "createbigcannons:block/cannon_drill/extended_rotated"
    },
    "axis_along_first=false,facing=north,state=extended": {
      "model": "createbigcannons:block/cannon_drill/extended",
      "x": 90
    },
    "axis_along_first=true,facing=north,state=extended": {
      "model": "createbigcannons:block/cannon_drill/extended_rotated",
      "x": 90
    },
    "axis_along_first=false,facing=south,state=extended": {
      "model": "createbigcannons:block/cannon_drill/extended",
      "x": 90,
      "y": 180
    },
    "axis_along_first=true,facing=south,state=extended": {
      "model": "createbigcannons:block/cannon_drill/extended_rotated",
      "x": 90,
      "y": 180
    },
    "axis_along_first=false,facing=west,state=extended": {
      "model": "createbigcannons:block/cannon_drill/extended_rotated",
      "x": 90,
      "y": 270
    },
    "axis_along_first=true,facing=west,state=extended": {
      "model": "createbigcannons:block/cannon_drill/extended",
      "x": 90,
      "y": 270
    },
    "axis_along_first=false,facing=east,state=extended": {
      "model": "createbigcannons:block/cannon_drill/extended_rotated",
      "x": 90,
      "y": 90
    },
    "axis_along_first=true,facing=east,state=extended": {
      "model": "createbigcannons:block/cannon_drill/extended",
      "x": 90,
      "y": 90
    }
  }
}