{
  "variants": {
    "facing=down": {
      "model": "createbigcannons:block/small_steel_cannon_layer",
      "x": 180
    },
    "facing=up": {
      "model": "createbigcannons:block/small_steel_cannon_layer"
    },
    "facing=north": {
      "model": "createbigcannons:block/small_steel_cannon_layer",
      "x": 90
    },
    "facing=south": {
      "model": "createbigcannons:block/small_steel_cannon_layer",
      "x": 90,
      "y": 180
    },
    "facing=west": {
      "model": "createbigcannons:block/small_steel_cannon_layer",
      "x": 90,
      "y": 270
    },
    "facing=east": {
      "model": "createbigcannons:block/small_steel_cannon_layer",
      "x": 90,
      "y": 90
    }
  }
}