{
  "type": "minecraft:block",
  "pools": [
    {
      "rolls": 1.0,
      "bonus_rolls": 0.0,
      "entries": [
        {
          "type": "minecraft:item",
          "functions": [
            {
              "function": "minecraft:set_count",
              "count": 64.0,
              "add": false
            }
          ],
          "name": "createbigcannons:nethersteel_nugget"
        }
      ]
    },
    {
      "rolls": 1.0,
      "bonus_rolls": 0.0,
      "entries": [
        {
          "type": "minecraft:item",
          "functions": [
            {
              "function": "minecraft:set_count",
              "count": {
                "type": "minecraft:uniform",
                "min": 21.0,
                "max": 31.0
              },
              "add": false
            }
          ],
          "name": "createbigcannons:nethersteel_nugget"
        }
      ]
    }
  ]
}