{
  "parent": "createbigcannons:block/sliding_breech_item",
  "textures": {
    "hole": "createbigcannons:block/sliding_breech/cast_iron_sliding_breech_hole",
    "side": "createbigcannons:block/sliding_breech/cast_iron_sliding_breech_side",
    "side_hole": "createbigcannons:block/sliding_breech/cast_iron_sliding_breech_side_hole",
    "inside": "createbigcannons:block/sliding_breech/cast_iron_sliding_breech_inside",
    "breechblock_top": "createbigcannons:block/sliding_breech/cast_iron_sliding_breech_breechblock_top",
    "breechblock_end": "createbigcannons:block/sliding_breech/cast_iron_sliding_breech_breechblock_end",
    "breechblock_side": "createbigcannons:block/sliding_breech/cast_iron_sliding_breech_breechblock_side",
    "breechblock_bottom": "createbigcannons:block/sliding_breech/cast_iron_sliding_breech_breechblock_bottom"
  }
}